split,path,file_name,folder_name,label_raw,label_34,label_8,label_bin,file_size_mb
train,../data/TrainingData/Backdoor_Malware/Backdoor_Malware.pcap.csv,Backdoor_Malware.pcap.csv,Backdoor_Malware,Backdoor_Malware,BACKDOOR_MALWARE,WEB,MALICIOUS,0.6337900161743164
train,../data/TrainingData/Benign_Final/BenignTraffic.pcap.csv,BenignTraffic.pcap.csv,Benign_Final,Benign_Final,BENIGN,BENIGN,BENIGN,71.6218729019165
train,../data/TrainingData/Benign_Final/BenignTraffic1.pcap.csv,BenignTraffic1.pcap.csv,Benign_Final,Benign_Final,BENIGN,BENIGN,BENIGN,58.42286396026611
train,../data/TrainingData/Benign_Final/BenignTraffic2.pcap.csv,BenignTraffic2.pcap.csv,Benign_Final,Benign_Final,BENIGN,BENIGN,BENIGN,61.22660160064697
train,../data/TrainingData/Benign_Final/BenignTraffic3.pcap.csv,BenignTraffic3.pcap.csv,Benign_Final,Benign_Final,BENIGN,BENIGN,BENIGN,25.60745620727539
train,../data/TrainingData/BrowserHijacking/BrowserHijacking.pcap.csv,BrowserHijacking.pcap.csv,BrowserHijacking,BrowserHijacking,BROWSERHIJACKING,WEB,MALICIOUS,1.1515617370605469
train,../data/TrainingData/CommandInjection/CommandInjection.pcap.csv,CommandInjection.pcap.csv,CommandInjection,CommandInjection,COMMANDINJECTION,WEB,MALICIOUS,1.0565881729125977
train,../data/TrainingData/DDoS-ACK_Fragmentation/DDoS-ACK_Fragmentation.pcap.csv,DDoS-ACK_Fragmentation.pcap.csv,DDoS-ACK_Fragmentation,DDoS-ACK_Fragmentation,DDOS_ACK_FRAGMENTATION,DDOS,MALICIOUS,5.27406120300293
train,../data/TrainingData/DDoS-ACK_Fragmentation/DDoS-ACK_Fragmentation1.pcap.csv,DDoS-ACK_Fragmentation1.pcap.csv,DDoS-ACK_Fragmentation,DDoS-ACK_Fragmentation,DDOS_ACK_FRAGMENTATION,DDOS,MALICIOUS,4.715161323547363
train,../data/TrainingData/DDoS-ACK_Fragmentation/DDoS-ACK_Fragmentation10.pcap.csv,DDoS-ACK_Fragmentation10.pcap.csv,DDoS-ACK_Fragmentation,DDoS-ACK_Fragmentation,DDOS_ACK_FRAGMENTATION,DDOS,MALICIOUS,4.783577919006348
train,../data/TrainingData/DDoS-ACK_Fragmentation/DDoS-ACK_Fragmentation11.pcap.csv,DDoS-ACK_Fragmentation11.pcap.csv,DDoS-ACK_Fragmentation,DDoS-ACK_Fragmentation,DDOS_ACK_FRAGMENTATION,DDOS,MALICIOUS,4.776498794555664
train,../data/TrainingData/DDoS-ACK_Fragmentation/DDoS-ACK_Fragmentation12.pcap.csv,DDoS-ACK_Fragmentation12.pcap.csv,DDoS-ACK_Fragmentation,DDoS-ACK_Fragmentation,DDOS_ACK_FRAGMENTATION,DDOS,MALICIOUS,2.002322196960449
train,../data/TrainingData/DDoS-ACK_Fragmentation/DDoS-ACK_Fragmentation2.pcap.csv,DDoS-ACK_Fragmentation2.pcap.csv,DDoS-ACK_Fragmentation,DDoS-ACK_Fragmentation,DDOS_ACK_FRAGMENTATION,DDOS,MALICIOUS,4.745888710021973
train,../data/TrainingData/DDoS-ACK_Fragmentation/DDoS-ACK_Fragmentation3.pcap.csv,DDoS-ACK_Fragmentation3.pcap.csv,DDoS-ACK_Fragmentation,DDoS-ACK_Fragmentation,DDOS_ACK_FRAGMENTATION,DDOS,MALICIOUS,4.801782608032227
train,../data/TrainingData/DDoS-ACK_Fragmentation/DDoS-ACK_Fragmentation4.pcap.csv,DDoS-ACK_Fragmentation4.pcap.csv,DDoS-ACK_Fragmentation,DDoS-ACK_Fragmentation,DDOS_ACK_FRAGMENTATION,DDOS,MALICIOUS,4.717212677001953
train,../data/TrainingData/DDoS-ACK_Fragmentation/DDoS-ACK_Fragmentation5.pcap.csv,DDoS-ACK_Fragmentation5.pcap.csv,DDoS-ACK_Fragmentation,DDoS-ACK_Fragmentation,DDOS_ACK_FRAGMENTATION,DDOS,MALICIOUS,4.579493522644043
train,../data/TrainingData/DDoS-ACK_Fragmentation/DDoS-ACK_Fragmentation6.pcap.csv,DDoS-ACK_Fragmentation6.pcap.csv,DDoS-ACK_Fragmentation,DDoS-ACK_Fragmentation,DDOS_ACK_FRAGMENTATION,DDOS,MALICIOUS,4.627620697021484
train,../data/TrainingData/DDoS-ACK_Fragmentation/DDoS-ACK_Fragmentation7.pcap.csv,DDoS-ACK_Fragmentation7.pcap.csv,DDoS-ACK_Fragmentation,DDoS-ACK_Fragmentation,DDOS_ACK_FRAGMENTATION,DDOS,MALICIOUS,4.671453475952148
train,../data/TrainingData/DDoS-ACK_Fragmentation/DDoS-ACK_Fragmentation8.pcap.csv,DDoS-ACK_Fragmentation8.pcap.csv,DDoS-ACK_Fragmentation,DDoS-ACK_Fragmentation,DDOS_ACK_FRAGMENTATION,DDOS,MALICIOUS,4.705282211303711
train,../data/TrainingData/DDoS-ACK_Fragmentation/DDoS-ACK_Fragmentation9.pcap.csv,DDoS-ACK_Fragmentation9.pcap.csv,DDoS-ACK_Fragmentation,DDoS-ACK_Fragmentation,DDOS_ACK_FRAGMENTATION,DDOS,MALICIOUS,5.469263076782227
train,../data/TrainingData/DDoS-HTTP_Flood/DDoS-HTTP_Flood-.pcap.csv,DDoS-HTTP_Flood-.pcap.csv,DDoS-HTTP_Flood,DDoS-HTTP_Flood,DDOS_HTTP_FLOOD,DDOS,MALICIOUS,6.150994300842285
train,../data/TrainingData/DDoS-ICMP_Flood/DDoS-ICMP_Flood.pcap.csv,DDoS-ICMP_Flood.pcap.csv,DDoS-ICMP_Flood,DDoS-ICMP_Flood,DDOS_ICMP_FLOOD,DDOS,MALICIOUS,47.33012866973877
train,../data/TrainingData/DDoS-ICMP_Flood/DDoS-ICMP_Flood1.pcap.csv,DDoS-ICMP_Flood1.pcap.csv,DDoS-ICMP_Flood,DDoS-ICMP_Flood,DDOS_ICMP_FLOOD,DDOS,MALICIOUS,47.20681095123291
train,../data/TrainingData/DDoS-ICMP_Flood/DDoS-ICMP_Flood10.pcap.csv,DDoS-ICMP_Flood10.pcap.csv,DDoS-ICMP_Flood,DDoS-ICMP_Flood,DDOS_ICMP_FLOOD,DDOS,MALICIOUS,47.25481700897217
train,../data/TrainingData/DDoS-ICMP_Flood/DDoS-ICMP_Flood11.pcap.csv,DDoS-ICMP_Flood11.pcap.csv,DDoS-ICMP_Flood,DDoS-ICMP_Flood,DDOS_ICMP_FLOOD,DDOS,MALICIOUS,47.25528812408447
train,../data/TrainingData/DDoS-ICMP_Flood/DDoS-ICMP_Flood12.pcap.csv,DDoS-ICMP_Flood12.pcap.csv,DDoS-ICMP_Flood,DDoS-ICMP_Flood,DDOS_ICMP_FLOOD,DDOS,MALICIOUS,47.15158748626709
train,../data/TrainingData/DDoS-ICMP_Flood/DDoS-ICMP_Flood13.pcap.csv,DDoS-ICMP_Flood13.pcap.csv,DDoS-ICMP_Flood,DDoS-ICMP_Flood,DDOS_ICMP_FLOOD,DDOS,MALICIOUS,46.864410400390625
train,../data/TrainingData/DDoS-ICMP_Flood/DDoS-ICMP_Flood14.pcap.csv,DDoS-ICMP_Flood14.pcap.csv,DDoS-ICMP_Flood,DDoS-ICMP_Flood,DDOS_ICMP_FLOOD,DDOS,MALICIOUS,46.949604988098145
train,../data/TrainingData/DDoS-ICMP_Flood/DDoS-ICMP_Flood15.pcap.csv,DDoS-ICMP_Flood15.pcap.csv,DDoS-ICMP_Flood,DDoS-ICMP_Flood,DDOS_ICMP_FLOOD,DDOS,MALICIOUS,46.4691743850708
train,../data/TrainingData/DDoS-ICMP_Flood/DDoS-ICMP_Flood16.pcap.csv,DDoS-ICMP_Flood16.pcap.csv,DDoS-ICMP_Flood,DDoS-ICMP_Flood,DDOS_ICMP_FLOOD,DDOS,MALICIOUS,44.0332088470459
train,../data/TrainingData/DDoS-ICMP_Flood/DDoS-ICMP_Flood17.pcap.csv,DDoS-ICMP_Flood17.pcap.csv,DDoS-ICMP_Flood,DDoS-ICMP_Flood,DDOS_ICMP_FLOOD,DDOS,MALICIOUS,46.797423362731934
train,../data/TrainingData/DDoS-ICMP_Flood/DDoS-ICMP_Flood18.pcap.csv,DDoS-ICMP_Flood18.pcap.csv,DDoS-ICMP_Flood,DDoS-ICMP_Flood,DDOS_ICMP_FLOOD,DDOS,MALICIOUS,46.89503288269043
train,../data/TrainingData/DDoS-ICMP_Flood/DDoS-ICMP_Flood19.pcap.csv,DDoS-ICMP_Flood19.pcap.csv,DDoS-ICMP_Flood,DDoS-ICMP_Flood,DDOS_ICMP_FLOOD,DDOS,MALICIOUS,47.1724328994751
train,../data/TrainingData/DDoS-ICMP_Flood/DDoS-ICMP_Flood2.pcap.csv,DDoS-ICMP_Flood2.pcap.csv,DDoS-ICMP_Flood,DDoS-ICMP_Flood,DDOS_ICMP_FLOOD,DDOS,MALICIOUS,46.69149112701416
train,../data/TrainingData/DDoS-ICMP_Flood/DDoS-ICMP_Flood20.pcap.csv,DDoS-ICMP_Flood20.pcap.csv,DDoS-ICMP_Flood,DDoS-ICMP_Flood,DDOS_ICMP_FLOOD,DDOS,MALICIOUS,46.66015911102295
train,../data/TrainingData/DDoS-ICMP_Flood/DDoS-ICMP_Flood21.pcap.csv,DDoS-ICMP_Flood21.pcap.csv,DDoS-ICMP_Flood,DDoS-ICMP_Flood,DDOS_ICMP_FLOOD,DDOS,MALICIOUS,47.15519332885742
train,../data/TrainingData/DDoS-ICMP_Flood/DDoS-ICMP_Flood22.pcap.csv,DDoS-ICMP_Flood22.pcap.csv,DDoS-ICMP_Flood,DDoS-ICMP_Flood,DDOS_ICMP_FLOOD,DDOS,MALICIOUS,46.675644874572754
train,../data/TrainingData/DDoS-ICMP_Flood/DDoS-ICMP_Flood23.pcap.csv,DDoS-ICMP_Flood23.pcap.csv,DDoS-ICMP_Flood,DDoS-ICMP_Flood,DDOS_ICMP_FLOOD,DDOS,MALICIOUS,46.876304626464844
train,../data/TrainingData/DDoS-ICMP_Flood/DDoS-ICMP_Flood24.pcap.csv,DDoS-ICMP_Flood24.pcap.csv,DDoS-ICMP_Flood,DDoS-ICMP_Flood,DDOS_ICMP_FLOOD,DDOS,MALICIOUS,46.6322603225708
train,../data/TrainingData/DDoS-ICMP_Flood/DDoS-ICMP_Flood25.pcap.csv,DDoS-ICMP_Flood25.pcap.csv,DDoS-ICMP_Flood,DDoS-ICMP_Flood,DDOS_ICMP_FLOOD,DDOS,MALICIOUS,47.14931011199951
train,../data/TrainingData/DDoS-ICMP_Flood/DDoS-ICMP_Flood26.pcap.csv,DDoS-ICMP_Flood26.pcap.csv,DDoS-ICMP_Flood,DDoS-ICMP_Flood,DDOS_ICMP_FLOOD,DDOS,MALICIOUS,46.94952201843262
train,../data/TrainingData/DDoS-ICMP_Flood/DDoS-ICMP_Flood3.pcap.csv,DDoS-ICMP_Flood3.pcap.csv,DDoS-ICMP_Flood,DDoS-ICMP_Flood,DDOS_ICMP_FLOOD,DDOS,MALICIOUS,46.307541847229004
train,../data/TrainingData/DDoS-ICMP_Flood/DDoS-ICMP_Flood4.pcap.csv,DDoS-ICMP_Flood4.pcap.csv,DDoS-ICMP_Flood,DDoS-ICMP_Flood,DDOS_ICMP_FLOOD,DDOS,MALICIOUS,47.501524925231934
train,../data/TrainingData/DDoS-ICMP_Flood/DDoS-ICMP_Flood5.pcap.csv,DDoS-ICMP_Flood5.pcap.csv,DDoS-ICMP_Flood,DDoS-ICMP_Flood,DDOS_ICMP_FLOOD,DDOS,MALICIOUS,47.05404758453369
train,../data/TrainingData/DDoS-ICMP_Flood/DDoS-ICMP_Flood6.pcap.csv,DDoS-ICMP_Flood6.pcap.csv,DDoS-ICMP_Flood,DDoS-ICMP_Flood,DDOS_ICMP_FLOOD,DDOS,MALICIOUS,46.83705520629883
train,../data/TrainingData/DDoS-ICMP_Flood/DDoS-ICMP_Flood7.pcap.csv,DDoS-ICMP_Flood7.pcap.csv,DDoS-ICMP_Flood,DDoS-ICMP_Flood,DDOS_ICMP_FLOOD,DDOS,MALICIOUS,46.63516044616699
train,../data/TrainingData/DDoS-ICMP_Flood/DDoS-ICMP_Flood8.pcap.csv,DDoS-ICMP_Flood8.pcap.csv,DDoS-ICMP_Flood,DDoS-ICMP_Flood,DDOS_ICMP_FLOOD,DDOS,MALICIOUS,47.20252799987793
train,../data/TrainingData/DDoS-ICMP_Flood/DDoS-ICMP_Flood9.pcap.csv,DDoS-ICMP_Flood9.pcap.csv,DDoS-ICMP_Flood,DDoS-ICMP_Flood,DDOS_ICMP_FLOOD,DDOS,MALICIOUS,47.12055683135986
train,../data/TrainingData/DDoS-ICMP_Fragmentation/DDoS-ICMP_Fragmentation.pcap.csv,DDoS-ICMP_Fragmentation.pcap.csv,DDoS-ICMP_Fragmentation,DDoS-ICMP_Fragmentation,DDOS_ICMP_FRAGMENTATION,DDOS,MALICIOUS,4.364348411560059
train,../data/TrainingData/DDoS-ICMP_Fragmentation/DDoS-ICMP_Fragmentation1.pcap.csv,DDoS-ICMP_Fragmentation1.pcap.csv,DDoS-ICMP_Fragmentation,DDoS-ICMP_Fragmentation,DDOS_ICMP_FRAGMENTATION,DDOS,MALICIOUS,4.75211238861084
train,../data/TrainingData/DDoS-ICMP_Fragmentation/DDoS-ICMP_Fragmentation10.pcap.csv,DDoS-ICMP_Fragmentation10.pcap.csv,DDoS-ICMP_Fragmentation,DDoS-ICMP_Fragmentation,DDOS_ICMP_FRAGMENTATION,DDOS,MALICIOUS,4.7864789962768555
train,../data/TrainingData/DDoS-ICMP_Fragmentation/DDoS-ICMP_Fragmentation11.pcap.csv,DDoS-ICMP_Fragmentation11.pcap.csv,DDoS-ICMP_Fragmentation,DDoS-ICMP_Fragmentation,DDOS_ICMP_FRAGMENTATION,DDOS,MALICIOUS,4.725683212280273
train,../data/TrainingData/DDoS-ICMP_Fragmentation/DDoS-ICMP_Fragmentation12.pcap.csv,DDoS-ICMP_Fragmentation12.pcap.csv,DDoS-ICMP_Fragmentation,DDoS-ICMP_Fragmentation,DDOS_ICMP_FRAGMENTATION,DDOS,MALICIOUS,4.8309526443481445
train,../data/TrainingData/DDoS-ICMP_Fragmentation/DDoS-ICMP_Fragmentation13.pcap.csv,DDoS-ICMP_Fragmentation13.pcap.csv,DDoS-ICMP_Fragmentation,DDoS-ICMP_Fragmentation,DDOS_ICMP_FRAGMENTATION,DDOS,MALICIOUS,4.739696502685547
train,../data/TrainingData/DDoS-ICMP_Fragmentation/DDoS-ICMP_Fragmentation14.pcap.csv,DDoS-ICMP_Fragmentation14.pcap.csv,DDoS-ICMP_Fragmentation,DDoS-ICMP_Fragmentation,DDOS_ICMP_FRAGMENTATION,DDOS,MALICIOUS,4.766242980957031
train,../data/TrainingData/DDoS-ICMP_Fragmentation/DDoS-ICMP_Fragmentation15.pcap.csv,DDoS-ICMP_Fragmentation15.pcap.csv,DDoS-ICMP_Fragmentation,DDoS-ICMP_Fragmentation,DDOS_ICMP_FRAGMENTATION,DDOS,MALICIOUS,4.63362979888916
train,../data/TrainingData/DDoS-ICMP_Fragmentation/DDoS-ICMP_Fragmentation16.pcap.csv,DDoS-ICMP_Fragmentation16.pcap.csv,DDoS-ICMP_Fragmentation,DDoS-ICMP_Fragmentation,DDOS_ICMP_FRAGMENTATION,DDOS,MALICIOUS,4.842138290405273
train,../data/TrainingData/DDoS-ICMP_Fragmentation/DDoS-ICMP_Fragmentation17.pcap.csv,DDoS-ICMP_Fragmentation17.pcap.csv,DDoS-ICMP_Fragmentation,DDoS-ICMP_Fragmentation,DDOS_ICMP_FRAGMENTATION,DDOS,MALICIOUS,5.334416389465332
train,../data/TrainingData/DDoS-ICMP_Fragmentation/DDoS-ICMP_Fragmentation18.pcap.csv,DDoS-ICMP_Fragmentation18.pcap.csv,DDoS-ICMP_Fragmentation,DDoS-ICMP_Fragmentation,DDOS_ICMP_FRAGMENTATION,DDOS,MALICIOUS,4.711902618408203
train,../data/TrainingData/DDoS-ICMP_Fragmentation/DDoS-ICMP_Fragmentation19.pcap.csv,DDoS-ICMP_Fragmentation19.pcap.csv,DDoS-ICMP_Fragmentation,DDoS-ICMP_Fragmentation,DDOS_ICMP_FRAGMENTATION,DDOS,MALICIOUS,4.160488128662109
train,../data/TrainingData/DDoS-ICMP_Fragmentation/DDoS-ICMP_Fragmentation2.pcap.csv,DDoS-ICMP_Fragmentation2.pcap.csv,DDoS-ICMP_Fragmentation,DDoS-ICMP_Fragmentation,DDOS_ICMP_FRAGMENTATION,DDOS,MALICIOUS,4.751397132873535
train,../data/TrainingData/DDoS-ICMP_Fragmentation/DDoS-ICMP_Fragmentation3.pcap.csv,DDoS-ICMP_Fragmentation3.pcap.csv,DDoS-ICMP_Fragmentation,DDoS-ICMP_Fragmentation,DDOS_ICMP_FRAGMENTATION,DDOS,MALICIOUS,4.94345760345459
train,../data/TrainingData/DDoS-ICMP_Fragmentation/DDoS-ICMP_Fragmentation4.pcap.csv,DDoS-ICMP_Fragmentation4.pcap.csv,DDoS-ICMP_Fragmentation,DDoS-ICMP_Fragmentation,DDOS_ICMP_FRAGMENTATION,DDOS,MALICIOUS,4.990888595581055
train,../data/TrainingData/DDoS-ICMP_Fragmentation/DDoS-ICMP_Fragmentation5.pcap.csv,DDoS-ICMP_Fragmentation5.pcap.csv,DDoS-ICMP_Fragmentation,DDoS-ICMP_Fragmentation,DDOS_ICMP_FRAGMENTATION,DDOS,MALICIOUS,4.701267242431641
train,../data/TrainingData/DDoS-ICMP_Fragmentation/DDoS-ICMP_Fragmentation6.pcap.csv,DDoS-ICMP_Fragmentation6.pcap.csv,DDoS-ICMP_Fragmentation,DDoS-ICMP_Fragmentation,DDOS_ICMP_FRAGMENTATION,DDOS,MALICIOUS,4.670836448669434
train,../data/TrainingData/DDoS-ICMP_Fragmentation/DDoS-ICMP_Fragmentation7.pcap.csv,DDoS-ICMP_Fragmentation7.pcap.csv,DDoS-ICMP_Fragmentation,DDoS-ICMP_Fragmentation,DDOS_ICMP_FRAGMENTATION,DDOS,MALICIOUS,4.767353057861328
train,../data/TrainingData/DDoS-ICMP_Fragmentation/DDoS-ICMP_Fragmentation8.pcap.csv,DDoS-ICMP_Fragmentation8.pcap.csv,DDoS-ICMP_Fragmentation,DDoS-ICMP_Fragmentation,DDOS_ICMP_FRAGMENTATION,DDOS,MALICIOUS,4.70849609375
train,../data/TrainingData/DDoS-ICMP_Fragmentation/DDoS-ICMP_Fragmentation9.pcap.csv,DDoS-ICMP_Fragmentation9.pcap.csv,DDoS-ICMP_Fragmentation,DDoS-ICMP_Fragmentation,DDOS_ICMP_FRAGMENTATION,DDOS,MALICIOUS,4.914304733276367
train,../data/TrainingData/DDoS-PSHACK_FLOOD/DDoS-PSHACK_Flood.pcap.csv,DDoS-PSHACK_Flood.pcap.csv,DDoS-PSHACK_FLOOD,DDoS-PSHACK_FLOOD,DDOS_PSHACK_FLOOD,DDOS,MALICIOUS,48.04092025756836
train,../data/TrainingData/DDoS-PSHACK_FLOOD/DDoS-PSHACK_Flood1.pcap.csv,DDoS-PSHACK_Flood1.pcap.csv,DDoS-PSHACK_FLOOD,DDoS-PSHACK_FLOOD,DDOS_PSHACK_FLOOD,DDOS,MALICIOUS,47.84886646270752
train,../data/TrainingData/DDoS-PSHACK_FLOOD/DDoS-PSHACK_Flood10.pcap.csv,DDoS-PSHACK_Flood10.pcap.csv,DDoS-PSHACK_FLOOD,DDoS-PSHACK_FLOOD,DDOS_PSHACK_FLOOD,DDOS,MALICIOUS,47.800150871276855
train,../data/TrainingData/DDoS-PSHACK_FLOOD/DDoS-PSHACK_Flood11.pcap.csv,DDoS-PSHACK_Flood11.pcap.csv,DDoS-PSHACK_FLOOD,DDoS-PSHACK_FLOOD,DDOS_PSHACK_FLOOD,DDOS,MALICIOUS,47.8443078994751
train,../data/TrainingData/DDoS-PSHACK_FLOOD/DDoS-PSHACK_Flood12.pcap.csv,DDoS-PSHACK_Flood12.pcap.csv,DDoS-PSHACK_FLOOD,DDoS-PSHACK_FLOOD,DDOS_PSHACK_FLOOD,DDOS,MALICIOUS,47.74590015411377
train,../data/TrainingData/DDoS-PSHACK_FLOOD/DDoS-PSHACK_Flood13.pcap.csv,DDoS-PSHACK_Flood13.pcap.csv,DDoS-PSHACK_FLOOD,DDoS-PSHACK_FLOOD,DDOS_PSHACK_FLOOD,DDOS,MALICIOUS,47.886311531066895
train,../data/TrainingData/DDoS-PSHACK_FLOOD/DDoS-PSHACK_Flood14.pcap.csv,DDoS-PSHACK_Flood14.pcap.csv,DDoS-PSHACK_FLOOD,DDoS-PSHACK_FLOOD,DDOS_PSHACK_FLOOD,DDOS,MALICIOUS,47.9258975982666
train,../data/TrainingData/DDoS-PSHACK_FLOOD/DDoS-PSHACK_Flood15.pcap.csv,DDoS-PSHACK_Flood15.pcap.csv,DDoS-PSHACK_FLOOD,DDoS-PSHACK_FLOOD,DDOS_PSHACK_FLOOD,DDOS,MALICIOUS,14.177996635437012
train,../data/TrainingData/DDoS-PSHACK_FLOOD/DDoS-PSHACK_Flood2.pcap.csv,DDoS-PSHACK_Flood2.pcap.csv,DDoS-PSHACK_FLOOD,DDoS-PSHACK_FLOOD,DDOS_PSHACK_FLOOD,DDOS,MALICIOUS,48.319664001464844
train,../data/TrainingData/DDoS-PSHACK_FLOOD/DDoS-PSHACK_Flood3.pcap.csv,DDoS-PSHACK_Flood3.pcap.csv,DDoS-PSHACK_FLOOD,DDoS-PSHACK_FLOOD,DDOS_PSHACK_FLOOD,DDOS,MALICIOUS,48.22520351409912
train,../data/TrainingData/DDoS-PSHACK_FLOOD/DDoS-PSHACK_Flood4.pcap.csv,DDoS-PSHACK_Flood4.pcap.csv,DDoS-PSHACK_FLOOD,DDoS-PSHACK_FLOOD,DDOS_PSHACK_FLOOD,DDOS,MALICIOUS,48.15929126739502
train,../data/TrainingData/DDoS-PSHACK_FLOOD/DDoS-PSHACK_Flood5.pcap.csv,DDoS-PSHACK_Flood5.pcap.csv,DDoS-PSHACK_FLOOD,DDoS-PSHACK_FLOOD,DDOS_PSHACK_FLOOD,DDOS,MALICIOUS,48.203216552734375
train,../data/TrainingData/DDoS-PSHACK_FLOOD/DDoS-PSHACK_Flood6.pcap.csv,DDoS-PSHACK_Flood6.pcap.csv,DDoS-PSHACK_FLOOD,DDoS-PSHACK_FLOOD,DDOS_PSHACK_FLOOD,DDOS,MALICIOUS,48.21336364746094
train,../data/TrainingData/DDoS-PSHACK_FLOOD/DDoS-PSHACK_Flood7.pcap.csv,DDoS-PSHACK_Flood7.pcap.csv,DDoS-PSHACK_FLOOD,DDoS-PSHACK_FLOOD,DDOS_PSHACK_FLOOD,DDOS,MALICIOUS,48.11374378204346
train,../data/TrainingData/DDoS-PSHACK_FLOOD/DDoS-PSHACK_Flood8.pcap.csv,DDoS-PSHACK_Flood8.pcap.csv,DDoS-PSHACK_FLOOD,DDoS-PSHACK_FLOOD,DDOS_PSHACK_FLOOD,DDOS,MALICIOUS,48.10256385803223
train,../data/TrainingData/DDoS-PSHACK_FLOOD/DDoS-PSHACK_Flood9.pcap.csv,DDoS-PSHACK_Flood9.pcap.csv,DDoS-PSHACK_FLOOD,DDoS-PSHACK_FLOOD,DDOS_PSHACK_FLOOD,DDOS,MALICIOUS,47.299593925476074
train,../data/TrainingData/DDoS-RSTFINFLOOD/DDoS-RSTFINFlood.pcap.csv,DDoS-RSTFINFlood.pcap.csv,DDoS-RSTFINFLOOD,DDoS-RSTFINFLOOD,DDOS_RSTFINFLOOD,DDOS,MALICIOUS,48.48820781707764
train,../data/TrainingData/DDoS-RSTFINFLOOD/DDoS-RSTFINFlood1.pcap.csv,DDoS-RSTFINFlood1.pcap.csv,DDoS-RSTFINFLOOD,DDoS-RSTFINFLOOD,DDOS_RSTFINFLOOD,DDOS,MALICIOUS,47.92961883544922
train,../data/TrainingData/DDoS-RSTFINFLOOD/DDoS-RSTFINFlood10.pcap.csv,DDoS-RSTFINFlood10.pcap.csv,DDoS-RSTFINFLOOD,DDoS-RSTFINFLOOD,DDOS_RSTFINFLOOD,DDOS,MALICIOUS,48.45828342437744
train,../data/TrainingData/DDoS-RSTFINFLOOD/DDoS-RSTFINFlood11.pcap.csv,DDoS-RSTFINFlood11.pcap.csv,DDoS-RSTFINFLOOD,DDoS-RSTFINFLOOD,DDOS_RSTFINFLOOD,DDOS,MALICIOUS,48.15345573425293
train,../data/TrainingData/DDoS-RSTFINFLOOD/DDoS-RSTFINFlood12.pcap.csv,DDoS-RSTFINFlood12.pcap.csv,DDoS-RSTFINFLOOD,DDoS-RSTFINFLOOD,DDOS_RSTFINFLOOD,DDOS,MALICIOUS,48.195566177368164
train,../data/TrainingData/DDoS-RSTFINFLOOD/DDoS-RSTFINFlood13.pcap.csv,DDoS-RSTFINFlood13.pcap.csv,DDoS-RSTFINFLOOD,DDoS-RSTFINFLOOD,DDOS_RSTFINFLOOD,DDOS,MALICIOUS,48.37053298950195
train,../data/TrainingData/DDoS-RSTFINFLOOD/DDoS-RSTFINFlood14.pcap.csv,DDoS-RSTFINFlood14.pcap.csv,DDoS-RSTFINFLOOD,DDoS-RSTFINFLOOD,DDOS_RSTFINFLOOD,DDOS,MALICIOUS,48.419493675231934
train,../data/TrainingData/DDoS-RSTFINFLOOD/DDoS-RSTFINFlood15.pcap.csv,DDoS-RSTFINFlood15.pcap.csv,DDoS-RSTFINFLOOD,DDoS-RSTFINFLOOD,DDOS_RSTFINFLOOD,DDOS,MALICIOUS,11.18858814239502
train,../data/TrainingData/DDoS-RSTFINFLOOD/DDoS-RSTFINFlood2.pcap.csv,DDoS-RSTFINFlood2.pcap.csv,DDoS-RSTFINFLOOD,DDoS-RSTFINFLOOD,DDOS_RSTFINFLOOD,DDOS,MALICIOUS,48.179121017456055
train,../data/TrainingData/DDoS-RSTFINFLOOD/DDoS-RSTFINFlood3.pcap.csv,DDoS-RSTFINFlood3.pcap.csv,DDoS-RSTFINFLOOD,DDoS-RSTFINFLOOD,DDOS_RSTFINFLOOD,DDOS,MALICIOUS,48.201903343200684
train,../data/TrainingData/DDoS-RSTFINFLOOD/DDoS-RSTFINFlood4.pcap.csv,DDoS-RSTFINFlood4.pcap.csv,DDoS-RSTFINFLOOD,DDoS-RSTFINFLOOD,DDOS_RSTFINFLOOD,DDOS,MALICIOUS,48.513702392578125
train,../data/TrainingData/DDoS-RSTFINFLOOD/DDoS-RSTFINFlood5.pcap.csv,DDoS-RSTFINFlood5.pcap.csv,DDoS-RSTFINFLOOD,DDoS-RSTFINFLOOD,DDOS_RSTFINFLOOD,DDOS,MALICIOUS,48.63674449920654
train,../data/TrainingData/DDoS-RSTFINFLOOD/DDoS-RSTFINFlood6.pcap.csv,DDoS-RSTFINFlood6.pcap.csv,DDoS-RSTFINFLOOD,DDoS-RSTFINFLOOD,DDOS_RSTFINFLOOD,DDOS,MALICIOUS,43.98837471008301
train,../data/TrainingData/DDoS-RSTFINFLOOD/DDoS-RSTFINFlood7.pcap.csv,DDoS-RSTFINFlood7.pcap.csv,DDoS-RSTFINFLOOD,DDoS-RSTFINFLOOD,DDOS_RSTFINFLOOD,DDOS,MALICIOUS,48.19145488739014
train,../data/TrainingData/DDoS-RSTFINFLOOD/DDoS-RSTFINFlood8.pcap.csv,DDoS-RSTFINFlood8.pcap.csv,DDoS-RSTFINFLOOD,DDoS-RSTFINFLOOD,DDOS_RSTFINFLOOD,DDOS,MALICIOUS,48.2678165435791
train,../data/TrainingData/DDoS-RSTFINFLOOD/DDoS-RSTFINFlood9.pcap.csv,DDoS-RSTFINFlood9.pcap.csv,DDoS-RSTFINFLOOD,DDoS-RSTFINFLOOD,DDOS_RSTFINFLOOD,DDOS,MALICIOUS,48.28671360015869
train,../data/TrainingData/DDoS-SYN_Flood/DDoS-SYN_Flood.pcap.csv,DDoS-SYN_Flood.pcap.csv,DDoS-SYN_Flood,DDoS-SYN_Flood,DDOS_SYN_FLOOD,DDOS,MALICIOUS,48.74099540710449
train,../data/TrainingData/DDoS-SYN_Flood/DDoS-SYN_Flood1.pcap.csv,DDoS-SYN_Flood1.pcap.csv,DDoS-SYN_Flood,DDoS-SYN_Flood,DDOS_SYN_FLOOD,DDOS,MALICIOUS,48.65942192077637
train,../data/TrainingData/DDoS-SYN_Flood/DDoS-SYN_Flood10.pcap.csv,DDoS-SYN_Flood10.pcap.csv,DDoS-SYN_Flood,DDoS-SYN_Flood,DDOS_SYN_FLOOD,DDOS,MALICIOUS,48.5245304107666
train,../data/TrainingData/DDoS-SYN_Flood/DDoS-SYN_Flood11.pcap.csv,DDoS-SYN_Flood11.pcap.csv,DDoS-SYN_Flood,DDoS-SYN_Flood,DDOS_SYN_FLOOD,DDOS,MALICIOUS,48.20933818817139
train,../data/TrainingData/DDoS-SYN_Flood/DDoS-SYN_Flood12.pcap.csv,DDoS-SYN_Flood12.pcap.csv,DDoS-SYN_Flood,DDoS-SYN_Flood,DDOS_SYN_FLOOD,DDOS,MALICIOUS,48.56715679168701
train,../data/TrainingData/DDoS-SYN_Flood/DDoS-SYN_Flood13.pcap.csv,DDoS-SYN_Flood13.pcap.csv,DDoS-SYN_Flood,DDoS-SYN_Flood,DDOS_SYN_FLOOD,DDOS,MALICIOUS,48.51338291168213
train,../data/TrainingData/DDoS-SYN_Flood/DDoS-SYN_Flood14.pcap.csv,DDoS-SYN_Flood14.pcap.csv,DDoS-SYN_Flood,DDoS-SYN_Flood,DDOS_SYN_FLOOD,DDOS,MALICIOUS,48.047030448913574
train,../data/TrainingData/DDoS-SYN_Flood/DDoS-SYN_Flood15.pcap.csv,DDoS-SYN_Flood15.pcap.csv,DDoS-SYN_Flood,DDoS-SYN_Flood,DDOS_SYN_FLOOD,DDOS,MALICIOUS,24.804776191711426
train,../data/TrainingData/DDoS-SYN_Flood/DDoS-SYN_Flood2.pcap.csv,DDoS-SYN_Flood2.pcap.csv,DDoS-SYN_Flood,DDoS-SYN_Flood,DDOS_SYN_FLOOD,DDOS,MALICIOUS,48.48660755157471
train,../data/TrainingData/DDoS-SYN_Flood/DDoS-SYN_Flood3.pcap.csv,DDoS-SYN_Flood3.pcap.csv,DDoS-SYN_Flood,DDoS-SYN_Flood,DDOS_SYN_FLOOD,DDOS,MALICIOUS,48.33960723876953
train,../data/TrainingData/DDoS-SYN_Flood/DDoS-SYN_Flood4.pcap.csv,DDoS-SYN_Flood4.pcap.csv,DDoS-SYN_Flood,DDoS-SYN_Flood,DDOS_SYN_FLOOD,DDOS,MALICIOUS,36.933959007263184
train,../data/TrainingData/DDoS-SYN_Flood/DDoS-SYN_Flood5.pcap.csv,DDoS-SYN_Flood5.pcap.csv,DDoS-SYN_Flood,DDoS-SYN_Flood,DDOS_SYN_FLOOD,DDOS,MALICIOUS,48.18977737426758
train,../data/TrainingData/DDoS-SYN_Flood/DDoS-SYN_Flood6.pcap.csv,DDoS-SYN_Flood6.pcap.csv,DDoS-SYN_Flood,DDoS-SYN_Flood,DDOS_SYN_FLOOD,DDOS,MALICIOUS,48.369750022888184
train,../data/TrainingData/DDoS-SYN_Flood/DDoS-SYN_Flood7.pcap.csv,DDoS-SYN_Flood7.pcap.csv,DDoS-SYN_Flood,DDoS-SYN_Flood,DDOS_SYN_FLOOD,DDOS,MALICIOUS,48.07792854309082
train,../data/TrainingData/DDoS-SYN_Flood/DDoS-SYN_Flood8.pcap.csv,DDoS-SYN_Flood8.pcap.csv,DDoS-SYN_Flood,DDoS-SYN_Flood,DDOS_SYN_FLOOD,DDOS,MALICIOUS,47.71347618103027
train,../data/TrainingData/DDoS-SYN_Flood/DDoS-SYN_Flood9.pcap.csv,DDoS-SYN_Flood9.pcap.csv,DDoS-SYN_Flood,DDoS-SYN_Flood,DDOS_SYN_FLOOD,DDOS,MALICIOUS,48.25754928588867
train,../data/TrainingData/DDoS-SlowLoris/DDoS-SlowLoris.pcap.csv,DDoS-SlowLoris.pcap.csv,DDoS-SlowLoris,DDoS-SlowLoris,DDOS_SLOWLORIS,DDOS,MALICIOUS,4.982301712036133
train,../data/TrainingData/DDoS-SynonymousIP_Flood/DDoS-SynonymousIP_Flood.pcap.csv,DDoS-SynonymousIP_Flood.pcap.csv,DDoS-SynonymousIP_Flood,DDoS-SynonymousIP_Flood,DDOS_SYNONYMOUSIP_FLOOD,DDOS,MALICIOUS,47.72853755950928
train,../data/TrainingData/DDoS-SynonymousIP_Flood/DDoS-SynonymousIP_Flood1.pcap.csv,DDoS-SynonymousIP_Flood1.pcap.csv,DDoS-SynonymousIP_Flood,DDoS-SynonymousIP_Flood,DDOS_SYNONYMOUSIP_FLOOD,DDOS,MALICIOUS,47.93820381164551
train,../data/TrainingData/DDoS-SynonymousIP_Flood/DDoS-SynonymousIP_Flood10.pcap.csv,DDoS-SynonymousIP_Flood10.pcap.csv,DDoS-SynonymousIP_Flood,DDoS-SynonymousIP_Flood,DDOS_SYNONYMOUSIP_FLOOD,DDOS,MALICIOUS,47.49001121520996
train,../data/TrainingData/DDoS-SynonymousIP_Flood/DDoS-SynonymousIP_Flood11.pcap.csv,DDoS-SynonymousIP_Flood11.pcap.csv,DDoS-SynonymousIP_Flood,DDoS-SynonymousIP_Flood,DDOS_SYNONYMOUSIP_FLOOD,DDOS,MALICIOUS,47.98305606842041
train,../data/TrainingData/DDoS-SynonymousIP_Flood/DDoS-SynonymousIP_Flood12.pcap.csv,DDoS-SynonymousIP_Flood12.pcap.csv,DDoS-SynonymousIP_Flood,DDoS-SynonymousIP_Flood,DDOS_SYNONYMOUSIP_FLOOD,DDOS,MALICIOUS,47.93813705444336
train,../data/TrainingData/DDoS-SynonymousIP_Flood/DDoS-SynonymousIP_Flood13.pcap.csv,DDoS-SynonymousIP_Flood13.pcap.csv,DDoS-SynonymousIP_Flood,DDoS-SynonymousIP_Flood,DDOS_SYNONYMOUSIP_FLOOD,DDOS,MALICIOUS,22.745553970336914
train,../data/TrainingData/DDoS-SynonymousIP_Flood/DDoS-SynonymousIP_Flood2.pcap.csv,DDoS-SynonymousIP_Flood2.pcap.csv,DDoS-SynonymousIP_Flood,DDoS-SynonymousIP_Flood,DDOS_SYNONYMOUSIP_FLOOD,DDOS,MALICIOUS,47.94784355163574
train,../data/TrainingData/DDoS-SynonymousIP_Flood/DDoS-SynonymousIP_Flood3.pcap.csv,DDoS-SynonymousIP_Flood3.pcap.csv,DDoS-SynonymousIP_Flood,DDoS-SynonymousIP_Flood,DDOS_SYNONYMOUSIP_FLOOD,DDOS,MALICIOUS,47.92512321472168
train,../data/TrainingData/DDoS-SynonymousIP_Flood/DDoS-SynonymousIP_Flood4.pcap.csv,DDoS-SynonymousIP_Flood4.pcap.csv,DDoS-SynonymousIP_Flood,DDoS-SynonymousIP_Flood,DDOS_SYNONYMOUSIP_FLOOD,DDOS,MALICIOUS,48.03056621551514
train,../data/TrainingData/DDoS-SynonymousIP_Flood/DDoS-SynonymousIP_Flood5.pcap.csv,DDoS-SynonymousIP_Flood5.pcap.csv,DDoS-SynonymousIP_Flood,DDoS-SynonymousIP_Flood,DDOS_SYNONYMOUSIP_FLOOD,DDOS,MALICIOUS,47.27669429779053
train,../data/TrainingData/DDoS-SynonymousIP_Flood/DDoS-SynonymousIP_Flood6.pcap.csv,DDoS-SynonymousIP_Flood6.pcap.csv,DDoS-SynonymousIP_Flood,DDoS-SynonymousIP_Flood,DDOS_SYNONYMOUSIP_FLOOD,DDOS,MALICIOUS,46.926191329956055
train,../data/TrainingData/DDoS-SynonymousIP_Flood/DDoS-SynonymousIP_Flood7.pcap.csv,DDoS-SynonymousIP_Flood7.pcap.csv,DDoS-SynonymousIP_Flood,DDoS-SynonymousIP_Flood,DDOS_SYNONYMOUSIP_FLOOD,DDOS,MALICIOUS,48.078965187072754
train,../data/TrainingData/DDoS-SynonymousIP_Flood/DDoS-SynonymousIP_Flood8.pcap.csv,DDoS-SynonymousIP_Flood8.pcap.csv,DDoS-SynonymousIP_Flood,DDoS-SynonymousIP_Flood,DDOS_SYNONYMOUSIP_FLOOD,DDOS,MALICIOUS,48.075201988220215
train,../data/TrainingData/DDoS-SynonymousIP_Flood/DDoS-SynonymousIP_Flood9.pcap.csv,DDoS-SynonymousIP_Flood9.pcap.csv,DDoS-SynonymousIP_Flood,DDoS-SynonymousIP_Flood,DDOS_SYNONYMOUSIP_FLOOD,DDOS,MALICIOUS,47.297929763793945
train,../data/TrainingData/DDoS-TCP_Flood/DDoS-TCP_Flood.pcap.csv,DDoS-TCP_Flood.pcap.csv,DDoS-TCP_Flood,DDoS-TCP_Flood,DDOS_TCP_FLOOD,DDOS,MALICIOUS,47.26866626739502
train,../data/TrainingData/DDoS-TCP_Flood/DDoS-TCP_Flood1.pcap.csv,DDoS-TCP_Flood1.pcap.csv,DDoS-TCP_Flood,DDoS-TCP_Flood,DDOS_TCP_FLOOD,DDOS,MALICIOUS,47.82732677459717
train,../data/TrainingData/DDoS-TCP_Flood/DDoS-TCP_Flood10.pcap.csv,DDoS-TCP_Flood10.pcap.csv,DDoS-TCP_Flood,DDoS-TCP_Flood,DDOS_TCP_FLOOD,DDOS,MALICIOUS,47.33524703979492
train,../data/TrainingData/DDoS-TCP_Flood/DDoS-TCP_Flood11.pcap.csv,DDoS-TCP_Flood11.pcap.csv,DDoS-TCP_Flood,DDoS-TCP_Flood,DDOS_TCP_FLOOD,DDOS,MALICIOUS,46.373276710510254
train,../data/TrainingData/DDoS-TCP_Flood/DDoS-TCP_Flood12.pcap.csv,DDoS-TCP_Flood12.pcap.csv,DDoS-TCP_Flood,DDoS-TCP_Flood,DDOS_TCP_FLOOD,DDOS,MALICIOUS,47.879953384399414
train,../data/TrainingData/DDoS-TCP_Flood/DDoS-TCP_Flood13.pcap.csv,DDoS-TCP_Flood13.pcap.csv,DDoS-TCP_Flood,DDoS-TCP_Flood,DDOS_TCP_FLOOD,DDOS,MALICIOUS,47.86510753631592
train,../data/TrainingData/DDoS-TCP_Flood/DDoS-TCP_Flood14.pcap.csv,DDoS-TCP_Flood14.pcap.csv,DDoS-TCP_Flood,DDoS-TCP_Flood,DDOS_TCP_FLOOD,DDOS,MALICIOUS,47.45761775970459
train,../data/TrainingData/DDoS-TCP_Flood/DDoS-TCP_Flood15.pcap.csv,DDoS-TCP_Flood15.pcap.csv,DDoS-TCP_Flood,DDoS-TCP_Flood,DDOS_TCP_FLOOD,DDOS,MALICIOUS,47.84232711791992
train,../data/TrainingData/DDoS-TCP_Flood/DDoS-TCP_Flood16.pcap.csv,DDoS-TCP_Flood16.pcap.csv,DDoS-TCP_Flood,DDoS-TCP_Flood,DDOS_TCP_FLOOD,DDOS,MALICIOUS,47.961670875549316
train,../data/TrainingData/DDoS-TCP_Flood/DDoS-TCP_Flood17.pcap.csv,DDoS-TCP_Flood17.pcap.csv,DDoS-TCP_Flood,DDoS-TCP_Flood,DDOS_TCP_FLOOD,DDOS,MALICIOUS,16.609159469604492
train,../data/TrainingData/DDoS-TCP_Flood/DDoS-TCP_Flood2.pcap.csv,DDoS-TCP_Flood2.pcap.csv,DDoS-TCP_Flood,DDoS-TCP_Flood,DDOS_TCP_FLOOD,DDOS,MALICIOUS,47.654940605163574
train,../data/TrainingData/DDoS-TCP_Flood/DDoS-TCP_Flood3.pcap.csv,DDoS-TCP_Flood3.pcap.csv,DDoS-TCP_Flood,DDoS-TCP_Flood,DDOS_TCP_FLOOD,DDOS,MALICIOUS,47.83326244354248
train,../data/TrainingData/DDoS-TCP_Flood/DDoS-TCP_Flood4.pcap.csv,DDoS-TCP_Flood4.pcap.csv,DDoS-TCP_Flood,DDoS-TCP_Flood,DDOS_TCP_FLOOD,DDOS,MALICIOUS,35.51106929779053
train,../data/TrainingData/DDoS-TCP_Flood/DDoS-TCP_Flood5.pcap.csv,DDoS-TCP_Flood5.pcap.csv,DDoS-TCP_Flood,DDoS-TCP_Flood,DDOS_TCP_FLOOD,DDOS,MALICIOUS,38.85214328765869
train,../data/TrainingData/DDoS-TCP_Flood/DDoS-TCP_Flood6.pcap.csv,DDoS-TCP_Flood6.pcap.csv,DDoS-TCP_Flood,DDoS-TCP_Flood,DDOS_TCP_FLOOD,DDOS,MALICIOUS,47.10436534881592
train,../data/TrainingData/DDoS-TCP_Flood/DDoS-TCP_Flood7.pcap.csv,DDoS-TCP_Flood7.pcap.csv,DDoS-TCP_Flood,DDoS-TCP_Flood,DDOS_TCP_FLOOD,DDOS,MALICIOUS,47.97745704650879
train,../data/TrainingData/DDoS-TCP_Flood/DDoS-TCP_Flood8.pcap.csv,DDoS-TCP_Flood8.pcap.csv,DDoS-TCP_Flood,DDoS-TCP_Flood,DDOS_TCP_FLOOD,DDOS,MALICIOUS,47.84205627441406
train,../data/TrainingData/DDoS-TCP_Flood/DDoS-TCP_Flood9.pcap.csv,DDoS-TCP_Flood9.pcap.csv,DDoS-TCP_Flood,DDoS-TCP_Flood,DDOS_TCP_FLOOD,DDOS,MALICIOUS,47.54918098449707
train,../data/TrainingData/DDoS-UDP_Flood/DDoS-UDP_Flood.pcap.csv,DDoS-UDP_Flood.pcap.csv,DDoS-UDP_Flood,DDoS-UDP_Flood,DDOS_UDP_FLOOD,DDOS,MALICIOUS,47.75868034362793
train,../data/TrainingData/DDoS-UDP_Flood/DDoS-UDP_Flood1.pcap.csv,DDoS-UDP_Flood1.pcap.csv,DDoS-UDP_Flood,DDoS-UDP_Flood,DDOS_UDP_FLOOD,DDOS,MALICIOUS,47.732083320617676
train,../data/TrainingData/DDoS-UDP_Flood/DDoS-UDP_Flood10.pcap.csv,DDoS-UDP_Flood10.pcap.csv,DDoS-UDP_Flood,DDoS-UDP_Flood,DDOS_UDP_FLOOD,DDOS,MALICIOUS,47.61841106414795
train,../data/TrainingData/DDoS-UDP_Flood/DDoS-UDP_Flood11.pcap.csv,DDoS-UDP_Flood11.pcap.csv,DDoS-UDP_Flood,DDoS-UDP_Flood,DDOS_UDP_FLOOD,DDOS,MALICIOUS,47.99870681762695
train,../data/TrainingData/DDoS-UDP_Flood/DDoS-UDP_Flood12.pcap.csv,DDoS-UDP_Flood12.pcap.csv,DDoS-UDP_Flood,DDoS-UDP_Flood,DDOS_UDP_FLOOD,DDOS,MALICIOUS,47.74040508270264
train,../data/TrainingData/DDoS-UDP_Flood/DDoS-UDP_Flood13.pcap.csv,DDoS-UDP_Flood13.pcap.csv,DDoS-UDP_Flood,DDoS-UDP_Flood,DDOS_UDP_FLOOD,DDOS,MALICIOUS,47.85059833526611
train,../data/TrainingData/DDoS-UDP_Flood/DDoS-UDP_Flood14.pcap.csv,DDoS-UDP_Flood14.pcap.csv,DDoS-UDP_Flood,DDoS-UDP_Flood,DDOS_UDP_FLOOD,DDOS,MALICIOUS,48.31827259063721
train,../data/TrainingData/DDoS-UDP_Flood/DDoS-UDP_Flood15.pcap.csv,DDoS-UDP_Flood15.pcap.csv,DDoS-UDP_Flood,DDoS-UDP_Flood,DDOS_UDP_FLOOD,DDOS,MALICIOUS,47.80407524108887
train,../data/TrainingData/DDoS-UDP_Flood/DDoS-UDP_Flood16.pcap.csv,DDoS-UDP_Flood16.pcap.csv,DDoS-UDP_Flood,DDoS-UDP_Flood,DDOS_UDP_FLOOD,DDOS,MALICIOUS,47.919249534606934
train,../data/TrainingData/DDoS-UDP_Flood/DDoS-UDP_Flood17.pcap.csv,DDoS-UDP_Flood17.pcap.csv,DDoS-UDP_Flood,DDoS-UDP_Flood,DDOS_UDP_FLOOD,DDOS,MALICIOUS,47.68942165374756
train,../data/TrainingData/DDoS-UDP_Flood/DDoS-UDP_Flood18.pcap.csv,DDoS-UDP_Flood18.pcap.csv,DDoS-UDP_Flood,DDoS-UDP_Flood,DDOS_UDP_FLOOD,DDOS,MALICIOUS,47.93387031555176
train,../data/TrainingData/DDoS-UDP_Flood/DDoS-UDP_Flood19.pcap.csv,DDoS-UDP_Flood19.pcap.csv,DDoS-UDP_Flood,DDoS-UDP_Flood,DDOS_UDP_FLOOD,DDOS,MALICIOUS,47.83353137969971
train,../data/TrainingData/DDoS-UDP_Flood/DDoS-UDP_Flood2.pcap.csv,DDoS-UDP_Flood2.pcap.csv,DDoS-UDP_Flood,DDoS-UDP_Flood,DDOS_UDP_FLOOD,DDOS,MALICIOUS,47.833638191223145
train,../data/TrainingData/DDoS-UDP_Flood/DDoS-UDP_Flood20.pcap.csv,DDoS-UDP_Flood20.pcap.csv,DDoS-UDP_Flood,DDoS-UDP_Flood,DDOS_UDP_FLOOD,DDOS,MALICIOUS,13.940491676330566
train,../data/TrainingData/DDoS-UDP_Flood/DDoS-UDP_Flood3.pcap.csv,DDoS-UDP_Flood3.pcap.csv,DDoS-UDP_Flood,DDoS-UDP_Flood,DDOS_UDP_FLOOD,DDOS,MALICIOUS,48.001399993896484
train,../data/TrainingData/DDoS-UDP_Flood/DDoS-UDP_Flood4.pcap.csv,DDoS-UDP_Flood4.pcap.csv,DDoS-UDP_Flood,DDoS-UDP_Flood,DDOS_UDP_FLOOD,DDOS,MALICIOUS,47.626410484313965
train,../data/TrainingData/DDoS-UDP_Flood/DDoS-UDP_Flood5.pcap.csv,DDoS-UDP_Flood5.pcap.csv,DDoS-UDP_Flood,DDoS-UDP_Flood,DDOS_UDP_FLOOD,DDOS,MALICIOUS,49.52499485015869
train,../data/TrainingData/DDoS-UDP_Flood/DDoS-UDP_Flood6.pcap.csv,DDoS-UDP_Flood6.pcap.csv,DDoS-UDP_Flood,DDoS-UDP_Flood,DDOS_UDP_FLOOD,DDOS,MALICIOUS,49.085859298706055
train,../data/TrainingData/DDoS-UDP_Flood/DDoS-UDP_Flood7.pcap.csv,DDoS-UDP_Flood7.pcap.csv,DDoS-UDP_Flood,DDoS-UDP_Flood,DDOS_UDP_FLOOD,DDOS,MALICIOUS,49.502984046936035
train,../data/TrainingData/DDoS-UDP_Flood/DDoS-UDP_Flood8.pcap.csv,DDoS-UDP_Flood8.pcap.csv,DDoS-UDP_Flood,DDoS-UDP_Flood,DDOS_UDP_FLOOD,DDOS,MALICIOUS,49.63851547241211
train,../data/TrainingData/DDoS-UDP_Flood/DDoS-UDP_Flood9.pcap.csv,DDoS-UDP_Flood9.pcap.csv,DDoS-UDP_Flood,DDoS-UDP_Flood,DDOS_UDP_FLOOD,DDOS,MALICIOUS,48.15650653839111
train,../data/TrainingData/DDoS-UDP_Fragmentation/DDoS-UDP_Fragmentation.pcap.csv,DDoS-UDP_Fragmentation.pcap.csv,DDoS-UDP_Fragmentation,DDoS-UDP_Fragmentation,DDOS_UDP_FRAGMENTATION,DDOS,MALICIOUS,4.7260942459106445
train,../data/TrainingData/DDoS-UDP_Fragmentation/DDoS-UDP_Fragmentation1.pcap.csv,DDoS-UDP_Fragmentation1.pcap.csv,DDoS-UDP_Fragmentation,DDoS-UDP_Fragmentation,DDOS_UDP_FRAGMENTATION,DDOS,MALICIOUS,4.711946487426758
train,../data/TrainingData/DDoS-UDP_Fragmentation/DDoS-UDP_Fragmentation10.pcap.csv,DDoS-UDP_Fragmentation10.pcap.csv,DDoS-UDP_Fragmentation,DDoS-UDP_Fragmentation,DDOS_UDP_FRAGMENTATION,DDOS,MALICIOUS,4.670749664306641
train,../data/TrainingData/DDoS-UDP_Fragmentation/DDoS-UDP_Fragmentation11.pcap.csv,DDoS-UDP_Fragmentation11.pcap.csv,DDoS-UDP_Fragmentation,DDoS-UDP_Fragmentation,DDOS_UDP_FRAGMENTATION,DDOS,MALICIOUS,4.794594764709473
train,../data/TrainingData/DDoS-UDP_Fragmentation/DDoS-UDP_Fragmentation12.pcap.csv,DDoS-UDP_Fragmentation12.pcap.csv,DDoS-UDP_Fragmentation,DDoS-UDP_Fragmentation,DDOS_UDP_FRAGMENTATION,DDOS,MALICIOUS,3.26418399810791
train,../data/TrainingData/DDoS-UDP_Fragmentation/DDoS-UDP_Fragmentation2.pcap.csv,DDoS-UDP_Fragmentation2.pcap.csv,DDoS-UDP_Fragmentation,DDoS-UDP_Fragmentation,DDOS_UDP_FRAGMENTATION,DDOS,MALICIOUS,4.664236068725586
train,../data/TrainingData/DDoS-UDP_Fragmentation/DDoS-UDP_Fragmentation3.pcap.csv,DDoS-UDP_Fragmentation3.pcap.csv,DDoS-UDP_Fragmentation,DDoS-UDP_Fragmentation,DDOS_UDP_FRAGMENTATION,DDOS,MALICIOUS,4.878190040588379
train,../data/TrainingData/DDoS-UDP_Fragmentation/DDoS-UDP_Fragmentation4.pcap.csv,DDoS-UDP_Fragmentation4.pcap.csv,DDoS-UDP_Fragmentation,DDoS-UDP_Fragmentation,DDOS_UDP_FRAGMENTATION,DDOS,MALICIOUS,4.756658554077148
train,../data/TrainingData/DDoS-UDP_Fragmentation/DDoS-UDP_Fragmentation5.pcap.csv,DDoS-UDP_Fragmentation5.pcap.csv,DDoS-UDP_Fragmentation,DDoS-UDP_Fragmentation,DDOS_UDP_FRAGMENTATION,DDOS,MALICIOUS,4.873773574829102
train,../data/TrainingData/DDoS-UDP_Fragmentation/DDoS-UDP_Fragmentation6.pcap.csv,DDoS-UDP_Fragmentation6.pcap.csv,DDoS-UDP_Fragmentation,DDoS-UDP_Fragmentation,DDOS_UDP_FRAGMENTATION,DDOS,MALICIOUS,4.640454292297363
train,../data/TrainingData/DDoS-UDP_Fragmentation/DDoS-UDP_Fragmentation7.pcap.csv,DDoS-UDP_Fragmentation7.pcap.csv,DDoS-UDP_Fragmentation,DDoS-UDP_Fragmentation,DDOS_UDP_FRAGMENTATION,DDOS,MALICIOUS,4.7497053146362305
train,../data/TrainingData/DDoS-UDP_Fragmentation/DDoS-UDP_Fragmentation8.pcap.csv,DDoS-UDP_Fragmentation8.pcap.csv,DDoS-UDP_Fragmentation,DDoS-UDP_Fragmentation,DDOS_UDP_FRAGMENTATION,DDOS,MALICIOUS,4.733318328857422
train,../data/TrainingData/DDoS-UDP_Fragmentation/DDoS-UDP_Fragmentation9.pcap.csv,DDoS-UDP_Fragmentation9.pcap.csv,DDoS-UDP_Fragmentation,DDoS-UDP_Fragmentation,DDOS_UDP_FRAGMENTATION,DDOS,MALICIOUS,4.601596832275391
train,../data/TrainingData/DNS_Spoofing/DNS_Spoofing.pcap.csv,DNS_Spoofing.pcap.csv,DNS_Spoofing,DNS_Spoofing,DNS_SPOOFING,SPOOFING,MALICIOUS,35.12729358673096
train,../data/TrainingData/DictionaryBruteForce/DictionaryBruteForce.pcap.csv,DictionaryBruteForce.pcap.csv,DictionaryBruteForce,DictionaryBruteForce,DICTIONARYBRUTEFORCE,BRUTEFORCE,MALICIOUS,2.579045295715332
train,../data/TrainingData/DoS-HTTP_Flood/DoS-HTTP_Flood.pcap.csv,DoS-HTTP_Flood.pcap.csv,DoS-HTTP_Flood,DoS-HTTP_Flood,DOS_HTTP_FLOOD,DOS,MALICIOUS,8.621098518371582
train,../data/TrainingData/DoS-HTTP_Flood/DoS-HTTP_Flood1.pcap.csv,DoS-HTTP_Flood1.pcap.csv,DoS-HTTP_Flood,DoS-HTTP_Flood,DOS_HTTP_FLOOD,DOS,MALICIOUS,6.564953804016113
train,../data/TrainingData/DoS-SYN_Flood/DoS-SYN_Flood.pcap.csv,DoS-SYN_Flood.pcap.csv,DoS-SYN_Flood,DoS-SYN_Flood,DOS_SYN_FLOOD,DOS,MALICIOUS,48.476914405822754
train,../data/TrainingData/DoS-SYN_Flood/DoS-SYN_Flood1.pcap.csv,DoS-SYN_Flood1.pcap.csv,DoS-SYN_Flood,DoS-SYN_Flood,DOS_SYN_FLOOD,DOS,MALICIOUS,48.25752639770508
train,../data/TrainingData/DoS-SYN_Flood/DoS-SYN_Flood2.pcap.csv,DoS-SYN_Flood2.pcap.csv,DoS-SYN_Flood,DoS-SYN_Flood,DOS_SYN_FLOOD,DOS,MALICIOUS,46.61367416381836
train,../data/TrainingData/DoS-SYN_Flood/DoS-SYN_Flood3.pcap.csv,DoS-SYN_Flood3.pcap.csv,DoS-SYN_Flood,DoS-SYN_Flood,DOS_SYN_FLOOD,DOS,MALICIOUS,47.1351203918457
train,../data/TrainingData/DoS-SYN_Flood/DoS-SYN_Flood4.pcap.csv,DoS-SYN_Flood4.pcap.csv,DoS-SYN_Flood,DoS-SYN_Flood,DOS_SYN_FLOOD,DOS,MALICIOUS,47.43250751495361
train,../data/TrainingData/DoS-SYN_Flood/DoS-SYN_Flood5.pcap.csv,DoS-SYN_Flood5.pcap.csv,DoS-SYN_Flood,DoS-SYN_Flood,DOS_SYN_FLOOD,DOS,MALICIOUS,48.47711372375488
train,../data/TrainingData/DoS-SYN_Flood/DoS-SYN_Flood6.pcap.csv,DoS-SYN_Flood6.pcap.csv,DoS-SYN_Flood,DoS-SYN_Flood,DOS_SYN_FLOOD,DOS,MALICIOUS,48.087242126464844
train,../data/TrainingData/DoS-SYN_Flood/DoS-SYN_Flood7.pcap.csv,DoS-SYN_Flood7.pcap.csv,DoS-SYN_Flood,DoS-SYN_Flood,DOS_SYN_FLOOD,DOS,MALICIOUS,38.03069591522217
train,../data/TrainingData/DoS-TCP_Flood/DoS-TCP_Flood.pcap.csv,DoS-TCP_Flood.pcap.csv,DoS-TCP_Flood,DoS-TCP_Flood,DOS_TCP_FLOOD,DOS,MALICIOUS,46.687564849853516
train,../data/TrainingData/DoS-TCP_Flood/DoS-TCP_Flood1.pcap.csv,DoS-TCP_Flood1.pcap.csv,DoS-TCP_Flood,DoS-TCP_Flood,DOS_TCP_FLOOD,DOS,MALICIOUS,45.22739601135254
train,../data/TrainingData/DoS-TCP_Flood/DoS-TCP_Flood10.pcap.csv,DoS-TCP_Flood10.pcap.csv,DoS-TCP_Flood,DoS-TCP_Flood,DOS_TCP_FLOOD,DOS,MALICIOUS,14.937712669372559
train,../data/TrainingData/DoS-TCP_Flood/DoS-TCP_Flood2.pcap.csv,DoS-TCP_Flood2.pcap.csv,DoS-TCP_Flood,DoS-TCP_Flood,DOS_TCP_FLOOD,DOS,MALICIOUS,47.76126575469971
train,../data/TrainingData/DoS-TCP_Flood/DoS-TCP_Flood3.pcap.csv,DoS-TCP_Flood3.pcap.csv,DoS-TCP_Flood,DoS-TCP_Flood,DOS_TCP_FLOOD,DOS,MALICIOUS,48.272464752197266
train,../data/TrainingData/DoS-TCP_Flood/DoS-TCP_Flood4.pcap.csv,DoS-TCP_Flood4.pcap.csv,DoS-TCP_Flood,DoS-TCP_Flood,DOS_TCP_FLOOD,DOS,MALICIOUS,47.95016574859619
train,../data/TrainingData/DoS-TCP_Flood/DoS-TCP_Flood5.pcap.csv,DoS-TCP_Flood5.pcap.csv,DoS-TCP_Flood,DoS-TCP_Flood,DOS_TCP_FLOOD,DOS,MALICIOUS,47.82443332672119
train,../data/TrainingData/DoS-TCP_Flood/DoS-TCP_Flood6.pcap.csv,DoS-TCP_Flood6.pcap.csv,DoS-TCP_Flood,DoS-TCP_Flood,DOS_TCP_FLOOD,DOS,MALICIOUS,47.05490207672119
train,../data/TrainingData/DoS-TCP_Flood/DoS-TCP_Flood7.pcap.csv,DoS-TCP_Flood7.pcap.csv,DoS-TCP_Flood,DoS-TCP_Flood,DOS_TCP_FLOOD,DOS,MALICIOUS,47.50844478607178
train,../data/TrainingData/DoS-TCP_Flood/DoS-TCP_Flood8.pcap.csv,DoS-TCP_Flood8.pcap.csv,DoS-TCP_Flood,DoS-TCP_Flood,DOS_TCP_FLOOD,DOS,MALICIOUS,46.68373394012451
train,../data/TrainingData/DoS-TCP_Flood/DoS-TCP_Flood9.pcap.csv,DoS-TCP_Flood9.pcap.csv,DoS-TCP_Flood,DoS-TCP_Flood,DOS_TCP_FLOOD,DOS,MALICIOUS,42.0286283493042
train,../data/TrainingData/DoS-UDP_Flood/DoS-UDP_Flood.pcap.csv,DoS-UDP_Flood.pcap.csv,DoS-UDP_Flood,DoS-UDP_Flood,DOS_UDP_FLOOD,DOS,MALICIOUS,30.860480308532715
train,../data/TrainingData/DoS-UDP_Flood/DoS-UDP_Flood1.pcap.csv,DoS-UDP_Flood1.pcap.csv,DoS-UDP_Flood,DoS-UDP_Flood,DOS_UDP_FLOOD,DOS,MALICIOUS,26.299177169799805
train,../data/TrainingData/DoS-UDP_Flood/DoS-UDP_Flood10.pcap.csv,DoS-UDP_Flood10.pcap.csv,DoS-UDP_Flood,DoS-UDP_Flood,DOS_UDP_FLOOD,DOS,MALICIOUS,48.9691686630249
train,../data/TrainingData/DoS-UDP_Flood/DoS-UDP_Flood11.pcap.csv,DoS-UDP_Flood11.pcap.csv,DoS-UDP_Flood,DoS-UDP_Flood,DOS_UDP_FLOOD,DOS,MALICIOUS,47.87609672546387
train,../data/TrainingData/DoS-UDP_Flood/DoS-UDP_Flood12.pcap.csv,DoS-UDP_Flood12.pcap.csv,DoS-UDP_Flood,DoS-UDP_Flood,DOS_UDP_FLOOD,DOS,MALICIOUS,45.870015144348145
train,../data/TrainingData/DoS-UDP_Flood/DoS-UDP_Flood13.pcap.csv,DoS-UDP_Flood13.pcap.csv,DoS-UDP_Flood,DoS-UDP_Flood,DOS_UDP_FLOOD,DOS,MALICIOUS,49.26341724395752
train,../data/TrainingData/DoS-UDP_Flood/DoS-UDP_Flood14.pcap.csv,DoS-UDP_Flood14.pcap.csv,DoS-UDP_Flood,DoS-UDP_Flood,DOS_UDP_FLOOD,DOS,MALICIOUS,46.74837017059326
train,../data/TrainingData/DoS-UDP_Flood/DoS-UDP_Flood15.pcap.csv,DoS-UDP_Flood15.pcap.csv,DoS-UDP_Flood,DoS-UDP_Flood,DOS_UDP_FLOOD,DOS,MALICIOUS,49.92592906951904
train,../data/TrainingData/DoS-UDP_Flood/DoS-UDP_Flood16.pcap.csv,DoS-UDP_Flood16.pcap.csv,DoS-UDP_Flood,DoS-UDP_Flood,DOS_UDP_FLOOD,DOS,MALICIOUS,32.91413974761963
train,../data/TrainingData/DoS-UDP_Flood/DoS-UDP_Flood2.pcap.csv,DoS-UDP_Flood2.pcap.csv,DoS-UDP_Flood,DoS-UDP_Flood,DOS_UDP_FLOOD,DOS,MALICIOUS,19.526187896728516
train,../data/TrainingData/DoS-UDP_Flood/DoS-UDP_Flood3.pcap.csv,DoS-UDP_Flood3.pcap.csv,DoS-UDP_Flood,DoS-UDP_Flood,DOS_UDP_FLOOD,DOS,MALICIOUS,20.53490924835205
train,../data/TrainingData/DoS-UDP_Flood/DoS-UDP_Flood4.pcap.csv,DoS-UDP_Flood4.pcap.csv,DoS-UDP_Flood,DoS-UDP_Flood,DOS_UDP_FLOOD,DOS,MALICIOUS,24.977591514587402
train,../data/TrainingData/DoS-UDP_Flood/DoS-UDP_Flood5.pcap.csv,DoS-UDP_Flood5.pcap.csv,DoS-UDP_Flood,DoS-UDP_Flood,DOS_UDP_FLOOD,DOS,MALICIOUS,21.585497856140137
train,../data/TrainingData/DoS-UDP_Flood/DoS-UDP_Flood6.pcap.csv,DoS-UDP_Flood6.pcap.csv,DoS-UDP_Flood,DoS-UDP_Flood,DOS_UDP_FLOOD,DOS,MALICIOUS,22.765769004821777
train,../data/TrainingData/DoS-UDP_Flood/DoS-UDP_Flood7.pcap.csv,DoS-UDP_Flood7.pcap.csv,DoS-UDP_Flood,DoS-UDP_Flood,DOS_UDP_FLOOD,DOS,MALICIOUS,34.04241466522217
train,../data/TrainingData/DoS-UDP_Flood/DoS-UDP_Flood8.pcap.csv,DoS-UDP_Flood8.pcap.csv,DoS-UDP_Flood,DoS-UDP_Flood,DOS_UDP_FLOOD,DOS,MALICIOUS,31.11277484893799
train,../data/TrainingData/DoS-UDP_Flood/DoS-UDP_Flood9.pcap.csv,DoS-UDP_Flood9.pcap.csv,DoS-UDP_Flood,DoS-UDP_Flood,DOS_UDP_FLOOD,DOS,MALICIOUS,24.081639289855957
train,../data/TrainingData/MITM-ArpSpoofing/MITM-ArpSpoofing.pcap.csv,MITM-ArpSpoofing.pcap.csv,MITM-ArpSpoofing,MITM-ArpSpoofing,MITM_ARPSPOOFING,SPOOFING,MALICIOUS,48.24993133544922
train,../data/TrainingData/MITM-ArpSpoofing/MITM-ArpSpoofing1.pcap.csv,MITM-ArpSpoofing1.pcap.csv,MITM-ArpSpoofing,MITM-ArpSpoofing,MITM_ARPSPOOFING,SPOOFING,MALICIOUS,11.741761207580566
train,../data/TrainingData/Mirai-greeth_flood/Mirai-greeth_flood.pcap.csv,Mirai-greeth_flood.pcap.csv,Mirai-greeth_flood,Mirai-greeth_flood,MIRAI_GREETH_FLOOD,MIRAI,MALICIOUS,6.431271553039551
train,../data/TrainingData/Mirai-greeth_flood/Mirai-greeth_flood1.pcap.csv,Mirai-greeth_flood1.pcap.csv,Mirai-greeth_flood,Mirai-greeth_flood,MIRAI_GREETH_FLOOD,MIRAI,MALICIOUS,6.579672813415527
train,../data/TrainingData/Mirai-greeth_flood/Mirai-greeth_flood10.pcap.csv,Mirai-greeth_flood10.pcap.csv,Mirai-greeth_flood,Mirai-greeth_flood,MIRAI_GREETH_FLOOD,MIRAI,MALICIOUS,6.776975631713867
train,../data/TrainingData/Mirai-greeth_flood/Mirai-greeth_flood11.pcap.csv,Mirai-greeth_flood11.pcap.csv,Mirai-greeth_flood,Mirai-greeth_flood,MIRAI_GREETH_FLOOD,MIRAI,MALICIOUS,6.768459320068359
train,../data/TrainingData/Mirai-greeth_flood/Mirai-greeth_flood12.pcap.csv,Mirai-greeth_flood12.pcap.csv,Mirai-greeth_flood,Mirai-greeth_flood,MIRAI_GREETH_FLOOD,MIRAI,MALICIOUS,6.713089942932129
train,../data/TrainingData/Mirai-greeth_flood/Mirai-greeth_flood13.pcap.csv,Mirai-greeth_flood13.pcap.csv,Mirai-greeth_flood,Mirai-greeth_flood,MIRAI_GREETH_FLOOD,MIRAI,MALICIOUS,6.8073577880859375
train,../data/TrainingData/Mirai-greeth_flood/Mirai-greeth_flood14.pcap.csv,Mirai-greeth_flood14.pcap.csv,Mirai-greeth_flood,Mirai-greeth_flood,MIRAI_GREETH_FLOOD,MIRAI,MALICIOUS,6.458761215209961
train,../data/TrainingData/Mirai-greeth_flood/Mirai-greeth_flood15.pcap.csv,Mirai-greeth_flood15.pcap.csv,Mirai-greeth_flood,Mirai-greeth_flood,MIRAI_GREETH_FLOOD,MIRAI,MALICIOUS,6.57965087890625
train,../data/TrainingData/Mirai-greeth_flood/Mirai-greeth_flood16.pcap.csv,Mirai-greeth_flood16.pcap.csv,Mirai-greeth_flood,Mirai-greeth_flood,MIRAI_GREETH_FLOOD,MIRAI,MALICIOUS,6.543749809265137
train,../data/TrainingData/Mirai-greeth_flood/Mirai-greeth_flood17.pcap.csv,Mirai-greeth_flood17.pcap.csv,Mirai-greeth_flood,Mirai-greeth_flood,MIRAI_GREETH_FLOOD,MIRAI,MALICIOUS,6.4821062088012695
train,../data/TrainingData/Mirai-greeth_flood/Mirai-greeth_flood18.pcap.csv,Mirai-greeth_flood18.pcap.csv,Mirai-greeth_flood,Mirai-greeth_flood,MIRAI_GREETH_FLOOD,MIRAI,MALICIOUS,6.486515998840332
train,../data/TrainingData/Mirai-greeth_flood/Mirai-greeth_flood19.pcap.csv,Mirai-greeth_flood19.pcap.csv,Mirai-greeth_flood,Mirai-greeth_flood,MIRAI_GREETH_FLOOD,MIRAI,MALICIOUS,6.589109420776367
train,../data/TrainingData/Mirai-greeth_flood/Mirai-greeth_flood2.pcap.csv,Mirai-greeth_flood2.pcap.csv,Mirai-greeth_flood,Mirai-greeth_flood,MIRAI_GREETH_FLOOD,MIRAI,MALICIOUS,6.49327278137207
train,../data/TrainingData/Mirai-greeth_flood/Mirai-greeth_flood20.pcap.csv,Mirai-greeth_flood20.pcap.csv,Mirai-greeth_flood,Mirai-greeth_flood,MIRAI_GREETH_FLOOD,MIRAI,MALICIOUS,6.631125450134277
train,../data/TrainingData/Mirai-greeth_flood/Mirai-greeth_flood21.pcap.csv,Mirai-greeth_flood21.pcap.csv,Mirai-greeth_flood,Mirai-greeth_flood,MIRAI_GREETH_FLOOD,MIRAI,MALICIOUS,6.757857322692871
train,../data/TrainingData/Mirai-greeth_flood/Mirai-greeth_flood22.pcap.csv,Mirai-greeth_flood22.pcap.csv,Mirai-greeth_flood,Mirai-greeth_flood,MIRAI_GREETH_FLOOD,MIRAI,MALICIOUS,6.667340278625488
train,../data/TrainingData/Mirai-greeth_flood/Mirai-greeth_flood23.pcap.csv,Mirai-greeth_flood23.pcap.csv,Mirai-greeth_flood,Mirai-greeth_flood,MIRAI_GREETH_FLOOD,MIRAI,MALICIOUS,6.630091667175293
train,../data/TrainingData/Mirai-greeth_flood/Mirai-greeth_flood24.pcap.csv,Mirai-greeth_flood24.pcap.csv,Mirai-greeth_flood,Mirai-greeth_flood,MIRAI_GREETH_FLOOD,MIRAI,MALICIOUS,6.440947532653809
train,../data/TrainingData/Mirai-greeth_flood/Mirai-greeth_flood25.pcap.csv,Mirai-greeth_flood25.pcap.csv,Mirai-greeth_flood,Mirai-greeth_flood,MIRAI_GREETH_FLOOD,MIRAI,MALICIOUS,6.485302925109863
train,../data/TrainingData/Mirai-greeth_flood/Mirai-greeth_flood26.pcap.csv,Mirai-greeth_flood26.pcap.csv,Mirai-greeth_flood,Mirai-greeth_flood,MIRAI_GREETH_FLOOD,MIRAI,MALICIOUS,6.693167686462402
train,../data/TrainingData/Mirai-greeth_flood/Mirai-greeth_flood27.pcap.csv,Mirai-greeth_flood27.pcap.csv,Mirai-greeth_flood,Mirai-greeth_flood,MIRAI_GREETH_FLOOD,MIRAI,MALICIOUS,6.620682716369629
train,../data/TrainingData/Mirai-greeth_flood/Mirai-greeth_flood28.pcap.csv,Mirai-greeth_flood28.pcap.csv,Mirai-greeth_flood,Mirai-greeth_flood,MIRAI_GREETH_FLOOD,MIRAI,MALICIOUS,6.595808982849121
train,../data/TrainingData/Mirai-greeth_flood/Mirai-greeth_flood3.pcap.csv,Mirai-greeth_flood3.pcap.csv,Mirai-greeth_flood,Mirai-greeth_flood,MIRAI_GREETH_FLOOD,MIRAI,MALICIOUS,6.489490509033203
train,../data/TrainingData/Mirai-greeth_flood/Mirai-greeth_flood4.pcap.csv,Mirai-greeth_flood4.pcap.csv,Mirai-greeth_flood,Mirai-greeth_flood,MIRAI_GREETH_FLOOD,MIRAI,MALICIOUS,6.5342817306518555
train,../data/TrainingData/Mirai-greeth_flood/Mirai-greeth_flood5.pcap.csv,Mirai-greeth_flood5.pcap.csv,Mirai-greeth_flood,Mirai-greeth_flood,MIRAI_GREETH_FLOOD,MIRAI,MALICIOUS,6.501446723937988
train,../data/TrainingData/Mirai-greeth_flood/Mirai-greeth_flood6.pcap.csv,Mirai-greeth_flood6.pcap.csv,Mirai-greeth_flood,Mirai-greeth_flood,MIRAI_GREETH_FLOOD,MIRAI,MALICIOUS,6.568974494934082
train,../data/TrainingData/Mirai-greeth_flood/Mirai-greeth_flood7.pcap.csv,Mirai-greeth_flood7.pcap.csv,Mirai-greeth_flood,Mirai-greeth_flood,MIRAI_GREETH_FLOOD,MIRAI,MALICIOUS,6.569911003112793
train,../data/TrainingData/Mirai-greeth_flood/Mirai-greeth_flood8.pcap.csv,Mirai-greeth_flood8.pcap.csv,Mirai-greeth_flood,Mirai-greeth_flood,MIRAI_GREETH_FLOOD,MIRAI,MALICIOUS,6.547187805175781
train,../data/TrainingData/Mirai-greeth_flood/Mirai-greeth_flood9.pcap.csv,Mirai-greeth_flood9.pcap.csv,Mirai-greeth_flood,Mirai-greeth_flood,MIRAI_GREETH_FLOOD,MIRAI,MALICIOUS,6.915331840515137
train,../data/TrainingData/Mirai-greip_flood/Mirai-greip_flood.pcap.csv,Mirai-greip_flood.pcap.csv,Mirai-greip_flood,Mirai-greip_flood,MIRAI_GREIP_FLOOD,MIRAI,MALICIOUS,6.911565780639648
train,../data/TrainingData/Mirai-greip_flood/Mirai-greip_flood1.pcap.csv,Mirai-greip_flood1.pcap.csv,Mirai-greip_flood,Mirai-greip_flood,MIRAI_GREIP_FLOOD,MIRAI,MALICIOUS,6.843955993652344
train,../data/TrainingData/Mirai-greip_flood/Mirai-greip_flood10.pcap.csv,Mirai-greip_flood10.pcap.csv,Mirai-greip_flood,Mirai-greip_flood,MIRAI_GREIP_FLOOD,MIRAI,MALICIOUS,6.804788589477539
train,../data/TrainingData/Mirai-greip_flood/Mirai-greip_flood11.pcap.csv,Mirai-greip_flood11.pcap.csv,Mirai-greip_flood,Mirai-greip_flood,MIRAI_GREIP_FLOOD,MIRAI,MALICIOUS,6.688116073608398
train,../data/TrainingData/Mirai-greip_flood/Mirai-greip_flood12.pcap.csv,Mirai-greip_flood12.pcap.csv,Mirai-greip_flood,Mirai-greip_flood,MIRAI_GREIP_FLOOD,MIRAI,MALICIOUS,6.804022789001465
train,../data/TrainingData/Mirai-greip_flood/Mirai-greip_flood13.pcap.csv,Mirai-greip_flood13.pcap.csv,Mirai-greip_flood,Mirai-greip_flood,MIRAI_GREIP_FLOOD,MIRAI,MALICIOUS,6.792111396789551
train,../data/TrainingData/Mirai-greip_flood/Mirai-greip_flood14.pcap.csv,Mirai-greip_flood14.pcap.csv,Mirai-greip_flood,Mirai-greip_flood,MIRAI_GREIP_FLOOD,MIRAI,MALICIOUS,6.879242897033691
train,../data/TrainingData/Mirai-greip_flood/Mirai-greip_flood15.pcap.csv,Mirai-greip_flood15.pcap.csv,Mirai-greip_flood,Mirai-greip_flood,MIRAI_GREIP_FLOOD,MIRAI,MALICIOUS,6.808037757873535
train,../data/TrainingData/Mirai-greip_flood/Mirai-greip_flood16.pcap.csv,Mirai-greip_flood16.pcap.csv,Mirai-greip_flood,Mirai-greip_flood,MIRAI_GREIP_FLOOD,MIRAI,MALICIOUS,6.588221549987793
train,../data/TrainingData/Mirai-greip_flood/Mirai-greip_flood17.pcap.csv,Mirai-greip_flood17.pcap.csv,Mirai-greip_flood,Mirai-greip_flood,MIRAI_GREIP_FLOOD,MIRAI,MALICIOUS,7.072849273681641
train,../data/TrainingData/Mirai-greip_flood/Mirai-greip_flood18.pcap.csv,Mirai-greip_flood18.pcap.csv,Mirai-greip_flood,Mirai-greip_flood,MIRAI_GREIP_FLOOD,MIRAI,MALICIOUS,6.719137191772461
train,../data/TrainingData/Mirai-greip_flood/Mirai-greip_flood19.pcap.csv,Mirai-greip_flood19.pcap.csv,Mirai-greip_flood,Mirai-greip_flood,MIRAI_GREIP_FLOOD,MIRAI,MALICIOUS,6.82343864440918
train,../data/TrainingData/Mirai-greip_flood/Mirai-greip_flood2.pcap.csv,Mirai-greip_flood2.pcap.csv,Mirai-greip_flood,Mirai-greip_flood,MIRAI_GREIP_FLOOD,MIRAI,MALICIOUS,6.661737442016602
train,../data/TrainingData/Mirai-greip_flood/Mirai-greip_flood20.pcap.csv,Mirai-greip_flood20.pcap.csv,Mirai-greip_flood,Mirai-greip_flood,MIRAI_GREIP_FLOOD,MIRAI,MALICIOUS,6.8533735275268555
train,../data/TrainingData/Mirai-greip_flood/Mirai-greip_flood21.pcap.csv,Mirai-greip_flood21.pcap.csv,Mirai-greip_flood,Mirai-greip_flood,MIRAI_GREIP_FLOOD,MIRAI,MALICIOUS,2.3098764419555664
train,../data/TrainingData/Mirai-greip_flood/Mirai-greip_flood3.pcap.csv,Mirai-greip_flood3.pcap.csv,Mirai-greip_flood,Mirai-greip_flood,MIRAI_GREIP_FLOOD,MIRAI,MALICIOUS,6.850667953491211
train,../data/TrainingData/Mirai-greip_flood/Mirai-greip_flood4.pcap.csv,Mirai-greip_flood4.pcap.csv,Mirai-greip_flood,Mirai-greip_flood,MIRAI_GREIP_FLOOD,MIRAI,MALICIOUS,7.050139427185059
train,../data/TrainingData/Mirai-greip_flood/Mirai-greip_flood5.pcap.csv,Mirai-greip_flood5.pcap.csv,Mirai-greip_flood,Mirai-greip_flood,MIRAI_GREIP_FLOOD,MIRAI,MALICIOUS,6.973630905151367
train,../data/TrainingData/Mirai-greip_flood/Mirai-greip_flood6.pcap.csv,Mirai-greip_flood6.pcap.csv,Mirai-greip_flood,Mirai-greip_flood,MIRAI_GREIP_FLOOD,MIRAI,MALICIOUS,7.190511703491211
train,../data/TrainingData/Mirai-greip_flood/Mirai-greip_flood7.pcap.csv,Mirai-greip_flood7.pcap.csv,Mirai-greip_flood,Mirai-greip_flood,MIRAI_GREIP_FLOOD,MIRAI,MALICIOUS,7.028170585632324
train,../data/TrainingData/Mirai-greip_flood/Mirai-greip_flood8.pcap.csv,Mirai-greip_flood8.pcap.csv,Mirai-greip_flood,Mirai-greip_flood,MIRAI_GREIP_FLOOD,MIRAI,MALICIOUS,7.086374282836914
train,../data/TrainingData/Mirai-greip_flood/Mirai-greip_flood9.pcap.csv,Mirai-greip_flood9.pcap.csv,Mirai-greip_flood,Mirai-greip_flood,MIRAI_GREIP_FLOOD,MIRAI,MALICIOUS,6.8007307052612305
train,../data/TrainingData/Mirai-udpplain/Mirai-udpplain.pcap.csv,Mirai-udpplain.pcap.csv,Mirai-udpplain,Mirai-udpplain,MIRAI_UDPPLAIN,MIRAI,MALICIOUS,7.029900550842285
train,../data/TrainingData/Mirai-udpplain/Mirai-udpplain1.pcap.csv,Mirai-udpplain1.pcap.csv,Mirai-udpplain,Mirai-udpplain,MIRAI_UDPPLAIN,MIRAI,MALICIOUS,7.051104545593262
train,../data/TrainingData/Mirai-udpplain/Mirai-udpplain10.pcap.csv,Mirai-udpplain10.pcap.csv,Mirai-udpplain,Mirai-udpplain,MIRAI_UDPPLAIN,MIRAI,MALICIOUS,7.047145843505859
train,../data/TrainingData/Mirai-udpplain/Mirai-udpplain11.pcap.csv,Mirai-udpplain11.pcap.csv,Mirai-udpplain,Mirai-udpplain,MIRAI_UDPPLAIN,MIRAI,MALICIOUS,6.804924011230469
train,../data/TrainingData/Mirai-udpplain/Mirai-udpplain12.pcap.csv,Mirai-udpplain12.pcap.csv,Mirai-udpplain,Mirai-udpplain,MIRAI_UDPPLAIN,MIRAI,MALICIOUS,6.832516670227051
train,../data/TrainingData/Mirai-udpplain/Mirai-udpplain13.pcap.csv,Mirai-udpplain13.pcap.csv,Mirai-udpplain,Mirai-udpplain,MIRAI_UDPPLAIN,MIRAI,MALICIOUS,6.9441423416137695
train,../data/TrainingData/Mirai-udpplain/Mirai-udpplain14.pcap.csv,Mirai-udpplain14.pcap.csv,Mirai-udpplain,Mirai-udpplain,MIRAI_UDPPLAIN,MIRAI,MALICIOUS,6.952936172485352
train,../data/TrainingData/Mirai-udpplain/Mirai-udpplain15.pcap.csv,Mirai-udpplain15.pcap.csv,Mirai-udpplain,Mirai-udpplain,MIRAI_UDPPLAIN,MIRAI,MALICIOUS,6.897417068481445
train,../data/TrainingData/Mirai-udpplain/Mirai-udpplain16.pcap.csv,Mirai-udpplain16.pcap.csv,Mirai-udpplain,Mirai-udpplain,MIRAI_UDPPLAIN,MIRAI,MALICIOUS,6.911165237426758
train,../data/TrainingData/Mirai-udpplain/Mirai-udpplain17.pcap.csv,Mirai-udpplain17.pcap.csv,Mirai-udpplain,Mirai-udpplain,MIRAI_UDPPLAIN,MIRAI,MALICIOUS,6.981103897094727
train,../data/TrainingData/Mirai-udpplain/Mirai-udpplain18.pcap.csv,Mirai-udpplain18.pcap.csv,Mirai-udpplain,Mirai-udpplain,MIRAI_UDPPLAIN,MIRAI,MALICIOUS,6.900398254394531
train,../data/TrainingData/Mirai-udpplain/Mirai-udpplain19.pcap.csv,Mirai-udpplain19.pcap.csv,Mirai-udpplain,Mirai-udpplain,MIRAI_UDPPLAIN,MIRAI,MALICIOUS,6.942994117736816
train,../data/TrainingData/Mirai-udpplain/Mirai-udpplain2.pcap.csv,Mirai-udpplain2.pcap.csv,Mirai-udpplain,Mirai-udpplain,MIRAI_UDPPLAIN,MIRAI,MALICIOUS,6.9472198486328125
train,../data/TrainingData/Mirai-udpplain/Mirai-udpplain20.pcap.csv,Mirai-udpplain20.pcap.csv,Mirai-udpplain,Mirai-udpplain,MIRAI_UDPPLAIN,MIRAI,MALICIOUS,6.9773759841918945
train,../data/TrainingData/Mirai-udpplain/Mirai-udpplain21.pcap.csv,Mirai-udpplain21.pcap.csv,Mirai-udpplain,Mirai-udpplain,MIRAI_UDPPLAIN,MIRAI,MALICIOUS,7.016391754150391
train,../data/TrainingData/Mirai-udpplain/Mirai-udpplain22.pcap.csv,Mirai-udpplain22.pcap.csv,Mirai-udpplain,Mirai-udpplain,MIRAI_UDPPLAIN,MIRAI,MALICIOUS,7.0889692306518555
train,../data/TrainingData/Mirai-udpplain/Mirai-udpplain23.pcap.csv,Mirai-udpplain23.pcap.csv,Mirai-udpplain,Mirai-udpplain,MIRAI_UDPPLAIN,MIRAI,MALICIOUS,6.987480163574219
train,../data/TrainingData/Mirai-udpplain/Mirai-udpplain24.pcap.csv,Mirai-udpplain24.pcap.csv,Mirai-udpplain,Mirai-udpplain,MIRAI_UDPPLAIN,MIRAI,MALICIOUS,2.838749885559082
train,../data/TrainingData/Mirai-udpplain/Mirai-udpplain3.pcap.csv,Mirai-udpplain3.pcap.csv,Mirai-udpplain,Mirai-udpplain,MIRAI_UDPPLAIN,MIRAI,MALICIOUS,7.105034828186035
train,../data/TrainingData/Mirai-udpplain/Mirai-udpplain4.pcap.csv,Mirai-udpplain4.pcap.csv,Mirai-udpplain,Mirai-udpplain,MIRAI_UDPPLAIN,MIRAI,MALICIOUS,6.911419868469238
train,../data/TrainingData/Mirai-udpplain/Mirai-udpplain5.pcap.csv,Mirai-udpplain5.pcap.csv,Mirai-udpplain,Mirai-udpplain,MIRAI_UDPPLAIN,MIRAI,MALICIOUS,7.077221870422363
train,../data/TrainingData/Mirai-udpplain/Mirai-udpplain6.pcap.csv,Mirai-udpplain6.pcap.csv,Mirai-udpplain,Mirai-udpplain,MIRAI_UDPPLAIN,MIRAI,MALICIOUS,7.041813850402832
train,../data/TrainingData/Mirai-udpplain/Mirai-udpplain7.pcap.csv,Mirai-udpplain7.pcap.csv,Mirai-udpplain,Mirai-udpplain,MIRAI_UDPPLAIN,MIRAI,MALICIOUS,7.120898246765137
train,../data/TrainingData/Mirai-udpplain/Mirai-udpplain8.pcap.csv,Mirai-udpplain8.pcap.csv,Mirai-udpplain,Mirai-udpplain,MIRAI_UDPPLAIN,MIRAI,MALICIOUS,7.143200874328613
train,../data/TrainingData/Mirai-udpplain/Mirai-udpplain9.pcap.csv,Mirai-udpplain9.pcap.csv,Mirai-udpplain,Mirai-udpplain,MIRAI_UDPPLAIN,MIRAI,MALICIOUS,7.25018310546875
train,../data/TrainingData/Recon-HostDiscovery/Recon-HostDiscovery.pcap.csv,Recon-HostDiscovery.pcap.csv,Recon-HostDiscovery,Recon-HostDiscovery,RECON_HOSTDISCOVERY,RECON,MALICIOUS,25.1389102935791
train,../data/TrainingData/Recon-OSScan/Recon-OSScan.pcap.csv,Recon-OSScan.pcap.csv,Recon-OSScan,Recon-OSScan,RECON_OSSCAN,RECON,MALICIOUS,18.959338188171387
train,../data/TrainingData/Recon-PingSweep/Recon-PingSweep.pcap.csv,Recon-PingSweep.pcap.csv,Recon-PingSweep,Recon-PingSweep,RECON_PINGSWEEP,RECON,MALICIOUS,0.4450798034667969
train,../data/TrainingData/Recon-PortScan/Recon-PortScan.pcap.csv,Recon-PortScan.pcap.csv,Recon-PortScan,Recon-PortScan,RECON_PORTSCAN,RECON,MALICIOUS,15.652326583862305
train,../data/TrainingData/SqlInjection/SqlInjection.pcap.csv,SqlInjection.pcap.csv,SqlInjection,SqlInjection,SQLINJECTION,WEB,MALICIOUS,1.0369453430175781
train,../data/TrainingData/Uploading_Attack/Uploading_Attack.pcap.csv,Uploading_Attack.pcap.csv,Uploading_Attack,Uploading_Attack,UPLOADING_ATTACK,WEB,MALICIOUS,0.24816131591796875
train,../data/TrainingData/VulnerabilityScan/VulnerabilityScan.pcap.csv,VulnerabilityScan.pcap.csv,VulnerabilityScan,VulnerabilityScan,VULNERABILITYSCAN,RECON,MALICIOUS,73.65748023986816
train,../data/TrainingData/XSS/XSS.pcap.csv,XSS.pcap.csv,XSS,XSS,XSS,WEB,MALICIOUS,0.7599668502807617
